{
    "subject": {
        "weights": {
            "ITEM_PRESENCE": 8.847243689819758,
            "CENTER_ITEM_PRESENCE": -1.5736598466377432,
            "PER_OWNERSHIP": 2.6129637985027503,
            "ITEM_COUNT": 0.3492843588733498,
            "AVG_ITEM_CONF": 2.4994203195963665,
            "AVG_ITEM_REAL": -9.809857424523079,
            "AVG_X_SCORE": 1.8658889737858606,
            "AVG_Y_SCORE": -1.5787496028760504,
            "AVG_RAD_SCORE": 7.020634647359822,
            "X_STD": 6.4956257735399525,
            "RAD_STD": -10.772635525591122,
            "GLOBAL_X_STD": -4.956159161849867
        },
        "threshold": 0.7938547816039051
    },
    "mud": {
        "weights": {
            "ITEM_PRESENCE": 0.5144953222028206,
            "CENTER_ITEM_PRESENCE": -0.15532890065485716,
            "PER_OWNERSHIP": 0.18785301867732435,
            "ITEM_COUNT": -0.10336261292860618,
            "AVG_ITEM_CONF": 0.857816861898709,
            "AVG_X_SCORE": 0.02916695849336046,
            "AVG_Y_SCORE": 0.5921850665440362,
            "AVG_RAD_SCORE": -0.6666027136669568,
            "X_STD": -0.06140013065172031,
            "RAD_STD": 0.15563274416609818,
            "GLOBAL_X_STD": -0.3504556140802082
        },
        "threshold": 0.4276914652883284
    }
}