{
    "weights":{
            "AVG_PLASTIC": 0.0359196367482639,
            "AVG_Y_SCORE": 0.364215184150255,
            "RING_PRESENCE": 0.597396820220843,
            "RAD_STD": 0.377765678705804,
            "AVG_RING_CONF": -0.575646002005343,
            "PER_OWNERSHIP": 0.200348682180178
        },
    "threshold": 0.2898628
}