{
    "subject": {
        "weights": {
            "ITEM_PRESENCE": 8.847243689819758,
            "CENTER_ITEM_PRESENCE": -1.5736598466377432,
            "PER_OWNERSHIP": 2.6129637985027503,
            "ITEM_COUNT": 0.3492843588733498,
            "AVG_ITEM_CONF": 2.4994203195963665,
            "AVG_ITEM_REAL": -9.809857424523079,
            "AVG_X_SCORE": 1.8658889737858606,
            "AVG_Y_SCORE": -1.5787496028760504,
            "AVG_RAD_SCORE": 7.020634647359822,
            "X_STD": 6.4956257735399525,
            "RAD_STD": -10.772635525591122,
            "GLOBAL_X_STD": -4.956159161849867
        },
        "threshold": 0.7938547816039051
    },
    "mud": {
        "weights": {
            "ITEM_PRESENCE": 1.3254749905366703,
            "CENTER_ITEM_PRESENCE": -0.006288838117428184,
            "PER_OWNERSHIP": 0.06204856875948646,
            "ITEM_COUNT": -0.5274339192690213,
            "AVG_ITEM_CONF": 0.6670904462328949,
            "AVG_ITEM_REAL": 0.0661532324332803,
            "AVG_X_SCORE": -0.5072272834157041,
            "AVG_Y_SCORE": -0.4939087316899316,
            "AVG_RAD_SCORE": 0.5182405401029149,
            "X_STD": 0.5470808009964764,
            "RAD_STD": -0.13146506018606335,
            "GLOBAL_X_STD": -0.5197647463835746
        },
        "threshold": 0.049514204235372124
    }
}