{
    "weights": {"RING_PRESENCE": 8.847243689819758, "CENTER_RING_PRESENCE": -1.5736598466377432, "PER_OWNERSHIP": 2.6129637985027503, "RING_COUNT": 0.3492843588733498, "AVG_RING_CONF": 2.4994203195963665, "AVG_RING_REAL": -9.809857424523079, "AVG_X_SCORE": 1.8658889737858606, "AVG_Y_SCORE": -1.5787496028760504, "AVG_RAD_SCORE": 7.020634647359822, "X_STD": 6.4956257735399525, "RAD_STD": -10.772635525591122, "GLOBAL_X_STD": -4.956159161849867},
    "threshold": 0.7938547816039051
}