{
    "subject": {
        "weights": {
            "ITEM_PRESENCE": 0.2882865881395464,
            "PER_OWNERSHIP": 0.0881855579253417,
            "ITEM_COUNT": 0.01888190352992578,
            "AVG_ITEM_CONF": 0.1808124660129001,
            "AVG_ITEM_REAL": -0.2358774818953912,
            "AVG_X_SCORE": 0.01951219460259833,
            "AVG_Y_SCORE": 0.05068837599719657,
            "X_STD": 0.09987606419044102,
            "RAD_STD": -0.0038426015555534476,
            "GLOBAL_X_STD": -1.5065230669470053
        },
        "threshold": 0.03541174131618193
    },
    "mud": {
        "weights": {
            "ITEM_PRESENCE": 0.7052226340153741,
            "PER_OWNERSHIP": 0.3320340303747705,
            "ITEM_COUNT": -0.10853645163241232,
            "AVG_ITEM_CONF": 1.3245153887431669,
            "AVG_ITEM_REAL": -0.6068198120746431,
            "AVG_Y_SCORE": 0.8642598364645893,
            "AVG_RAD_SCORE": -1.029568845440351,
            "RAD_STD": 0.22836704823695178,
            "GLOBAL_X_STD": -0.709473828687446
        },
        "threshold": 0.0594984284294028
    }
}