{
    "weights": {"RING_PRESENCE": 1.5252325116396401, "CENTER_RING_PRESENCE": -0.24734178785138214, "PER_OWNERSHIP": 0.4756992287412789, "RING_COUNT": -0.616141763114283, "AVG_RING_CONF": -0.6934562660226501, "AVG_RING_REAL": 0.16481678947224127, "AVG_X_SCORE": -0.09302602385162463, "AVG_RAD_SCORE": -0.1460635885981608, "AVG_PLASTIC": 0.004848719771277732, "X_STD": 1.963997797368227, "RAD_STD": -1.751526977236877, "GLOBAL_X_STD": -1.5870386403176875},
    "threshold": 0.07959336016518415
}