{
    "weights": {"RING_PRESENCE": 8.847248840044955, "CENTER_RING_PRESENCE": -1.573660452258978, "PER_OWNERSHIP": 2.612965548431311, "RING_COUNT": 0.34928550269040043, "AVG_RING_CONF": 2.499421683811214, "AVG_RING_REAL": -9.809863504790545, "AVG_X_SCORE": 1.8658903449066337, "AVG_Y_SCORE": -1.5787510420050654, "AVG_RAD_SCORE": 7.020638948420313, "X_STD": 6.495630961342608, "RAD_STD": -10.772643508502783, "GLOBAL_X_STD": -4.956163322090063},
    "threshold": 0.07959336016518415
}